Security Code,Date,Opening Price,High Sale Price,Low Sale Price,Closing Price,Total Volume Traded
1AG,20 Jul 2016,.051,.051,.05,.05,258412
1PG,20 Jul 2016,.44,.445,.437,.44,137455
3DP,20 Jul 2016,.045,.045,.045,.045,125000
88E,20 Jul 2016,.035,.035,.034,.035,2352958
88EO,20 Jul 2016,.025,.025,.025,.025,65894
8IH,20 Jul 2016,.79,.8,.79,.8,2600
A2M,20 Jul 2016,1.855,1.87,1.855,1.865,449703
A2MKOD,20 Jul 2016,.565,.565,.565,.565,1070
AAA,20 Jul 2016,50.13,50.14,50.13,50.13,13071
AAC,20 Jul 2016,1.95,1.98,1.95,1.975,327869
AAD,20 Jul 2016,2.07,2.09,2.045,2.05,221250
AAJ,20 Jul 2016,.015,.015,.014,.014,2011038
ABA,20 Jul 2016,5.12,5.13,5.12,5.13,1454
ABC,20 Jul 2016,5.85,5.885,5.83,5.88,100343
ABP,20 Jul 2016,3.17,3.18,3.12,3.18,29995
ABT,20 Jul 2016,.85,.85,.85,.85,1477
ABU,20 Jul 2016,.125,.135,.12,.125,988116
ABV,20 Jul 2016,.011,.011,.011,.011,2656641
ABX,20 Jul 2016,.195,.195,.195,.195,44463
ACB,20 Jul 2016,.036,.036,.036,.036,61027
ACG,20 Jul 2016,.14,.14,.14,.14,42882
ACL,20 Jul 2016,.011,.011,.011,.011,52731
ACR,20 Jul 2016,.73,.745,.73,.74,27202
ACW,20 Jul 2016,.074,.074,.074,.074,30000
ACX,20 Jul 2016,8.11,8.43,8.11,8.42,169394
AD1,20 Jul 2016,.51,.51,.48,.48,33724
ADA,20 Jul 2016,3.385,3.44,3.38,3.4,40946
ADD,20 Jul 2016,.018,.018,.018,.018,50000
ADH,20 Jul 2016,2.34,2.34,2.34,2.34,1
ADJ,20 Jul 2016,.12,.12,.12,.12,4166
ADN,20 Jul 2016,.024,.025,.024,.025,82900
ADO,20 Jul 2016,.042,.042,.042,.042,21666
ADR,20 Jul 2016,.5,.52,.5,.52,54182
ADV,20 Jul 2016,.025,.026,.024,.025,981718
ADX,20 Jul 2016,.006,.006,.006,.006,63372
ADY,20 Jul 2016,.01,.01,.01,.01,10000
AEF,20 Jul 2016,88,88,87,87,18
AEG,20 Jul 2016,1.16,1.16,1.16,1.16,4928
AFG,20 Jul 2016,1,1.02,1,1.02,85829
AFI,20 Jul 2016,5.71,5.73,5.7,5.73,75897
AFR,20 Jul 2016,.043,.043,.043,.043,50000
AFY,20 Jul 2016,2.31,2.4,2.28,2.38,69648
AGF,20 Jul 2016,.88,.885,.88,.885,54038
AGG,20 Jul 2016,5.43,5.6,5.43,5.6,1985
AGI,20 Jul 2016,2.1,2.11,2.09,2.09,153285
AGL,20 Jul 2016,20.53,20.58,20.26,20.495,193157
AGLHA,20 Jul 2016,103.39,103.4,103.39,103.4,32
AGO,20 Jul 2016,.012,.012,.011,.011,3659160
AGOO,20 Jul 2016,.001,.001,.001,.001,100000
AGS,20 Jul 2016,.046,.046,.046,.046,498695
AGX,20 Jul 2016,.01,.01,.01,.01,50000
AGY,20 Jul 2016,.031,.031,.031,.031,86400
AHF,20 Jul 2016,.19,.19,.19,.19,28699
AHG,20 Jul 2016,4.3,4.33,4.27,4.33,1436218
AHY,20 Jul 2016,2.18,2.185,2.13,2.135,337508
AHZ,20 Jul 2016,.4,.415,.39,.415,728183
AIA,20 Jul 2016,6.58,6.64,6.58,6.61,23627
AIO,20 Jul 2016,9,9.045,8.98,9.03,240193
AIS,20 Jul 2016,.045,.045,.045,.045,490983
AIZ,20 Jul 2016,2.1,2.1,2.07,2.09,20743
AJA,20 Jul 2016,6.89,6.95,6.88,6.915,6442
AJD,20 Jul 2016,1.54,1.545,1.54,1.54,36597
AJM,20 Jul 2016,.165,.17,.165,.165,793787
AJQ,20 Jul 2016,.09,.1,.09,.1,120412
AJX,20 Jul 2016,.695,.7,.695,.695,16880
AKK,20 Jul 2016,.007,.007,.007,.007,17846232
AKM,20 Jul 2016,.02,.02,.02,.02,451
AKP,20 Jul 2016,33.95,34.8,33.75,34.3,23944
ALC,20 Jul 2016,.035,.035,.035,.035,170577
ALF,20 Jul 2016,1.445,1.445,1.445,1.445,13000
ALI,20 Jul 2016,1.865,1.88,1.865,1.88,59770
ALK,20 Jul 2016,.225,.225,.215,.225,167273
ALL,20 Jul 2016,14.47,14.85,14.47,14.77,475311
ALLKOA,20 Jul 2016,3.52,3.57,3.52,3.57,3500
ALLKOP,20 Jul 2016,3.93,3.93,3.93,3.93,1000
ALLKOU,20 Jul 2016,2.06,2.06,2.01,2.01,2370
ALQ,20 Jul 2016,5.08,5.11,5.03,5.045,115121
ALT,20 Jul 2016,.009,.009,.009,.009,800000
ALTOA,20 Jul 2016,.004,.004,.004,.004,110000
ALU,20 Jul 2016,6.88,7.01,6.84,7.01,223675
ALUKOB,20 Jul 2016,1.11,1.11,1.11,1.11,3000
ALY,20 Jul 2016,.024,.025,.023,.025,193306
AMA,20 Jul 2016,.925,.93,.92,.93,104887
AMC,20 Jul 2016,15.52,15.52,15.375,15.5,541583
AMI,20 Jul 2016,.185,.19,.185,.185,271426
AMP,20 Jul 2016,5.7,5.7,5.65,5.68,831402
AMPHA,20 Jul 2016,102.15,102.16,102.15,102.15,315
AMPISI,20 Jul 2016,2.9,2.9,2.9,2.9,8000
AMPKOV,20 Jul 2016,1.355,1.355,1.355,1.355,2000
AMPPA,20 Jul 2016,104.13,104.69,104.13,104.69,251
ANG,20 Jul 2016,.1,.105,.1,.105,412581
ANN,20 Jul 2016,19.5,19.68,19.47,19.47,128311
ANQ,20 Jul 2016,.002,.002,.002,.002,1000000
ANW,20 Jul 2016,.01,.01,.01,.01,161073
ANZ,20 Jul 2016,24.99,25.14,24.95,25.02,1126601
ANZHA,20 Jul 2016,101.3,101.45,101.3,101.45,616
ANZKOQ,20 Jul 2016,1.515,1.515,1.515,1.515,1500
ANZPA,20 Jul 2016,100.93,100.95,100.9,100.9,2379
ANZPC,20 Jul 2016,102.2,102.2,102,102,241
ANZPD,20 Jul 2016,96.749,96.749,96.65,96.74,767
ANZPE,20 Jul 2016,93.96,94.15,93.96,94.15,1184
ANZPF,20 Jul 2016,95.75,95.8,95.75,95.8,640
ANZQOR,20 Jul 2016,2.24,2.25,2.24,2.25,5000
AOG,20 Jul 2016,3.42,3.43,3.4,3.43,66622
AOH,20 Jul 2016,.145,.15,.145,.145,779336
AOK,20 Jul 2016,.053,.053,.053,.053,20000
AON,20 Jul 2016,.12,.12,.12,.12,18592
AOP,20 Jul 2016,.088,.088,.088,.088,50000
AOW,20 Jul 2016,.15,.15,.15,.15,40000
APA,20 Jul 2016,9.49,9.54,9.425,9.535,236504
APAKOR,20 Jul 2016,2.2,2.2,2.2,2.2,180
APE,20 Jul 2016,11.95,11.97,11.82,11.84,11675
APG,20 Jul 2016,.015,.015,.012,.013,13035774
API,20 Jul 2016,1.755,1.79,1.735,1.79,195701
APN,20 Jul 2016,4.01,4.04,4,4.02,16631
APO,20 Jul 2016,7.72,7.72,7.68,7.695,76011
APX,20 Jul 2016,3.16,3.24,3.14,3.17,127393
APY,20 Jul 2016,.009,.009,.009,.009,250000
APZ,20 Jul 2016,1.21,1.21,1.21,1.21,13
AQC,20 Jul 2016,.02,.02,.02,.02,100000
AQF,20 Jul 2016,1.81,1.81,1.81,1.81,13615
AQG,20 Jul 2016,3.32,3.33,3.26,3.31,49948
AQHHA,20 Jul 2016,103.2,103.4,103.2,103.2,578
AQI,20 Jul 2016,.21,.225,.2,.225,122222
AQQ,20 Jul 2016,.025,.025,.025,.025,517944
AQZ,20 Jul 2016,.505,.505,.5,.5,31500
ARB,20 Jul 2016,17.95,17.98,17.81,17.92,16894
ARD,20 Jul 2016,.036,.036,.036,.036,108600
ARE,20 Jul 2016,.013,.013,.013,.013,12001
ARF,20 Jul 2016,2.1,2.11,2.06,2.09,2277
ARG,20 Jul 2016,7.35,7.39,7.35,7.39,42070
ARM,20 Jul 2016,.09,.09,.09,.09,10000
ARU,20 Jul 2016,.081,.081,.08,.08,89000
ARX,20 Jul 2016,.57,.57,.57,.57,13
ASB,20 Jul 2016,1.085,1.09,1.065,1.07,273478
ASH,20 Jul 2016,.21,.215,.21,.215,21714
ASL,20 Jul 2016,.92,.935,.912,.935,104594
AST,20 Jul 2016,1.7,1.72,1.68,1.712,1481895
ASX,20 Jul 2016,48.72,49.06,48.72,48.96,76957
ASXKOP,20 Jul 2016,8.12,8.12,8.12,8.12,200
ASY,20 Jul 2016,.017,.017,.017,.017,200000
ATA,20 Jul 2016,.025,.025,.025,.025,10000
ATC,20 Jul 2016,.17,.17,.17,.17,33000
ATU,20 Jul 2016,.62,.645,.62,.645,49198
AUB,20 Jul 2016,9.71,9.71,9.69,9.71,77
AUQ,20 Jul 2016,.026,.026,.024,.024,1100000
AUQRA,20 Jul 2016,.005,.005,.005,.005,98933
AUZ,20 Jul 2016,.014,.014,.014,.014,280000
AVB,20 Jul 2016,.063,.064,.063,.064,150000
AVG,20 Jul 2016,.51,.51,.51,.51,23351
AVH,20 Jul 2016,.091,.092,.091,.091,164780
AVJ,20 Jul 2016,.64,.64,.64,.64,14412
AVL,20 Jul 2016,.015,.015,.014,.014,2245613
AVN,20 Jul 2016,2.39,2.39,2.38,2.38,1653
AVQ,20 Jul 2016,.315,.315,.315,.315,13175
AVX,20 Jul 2016,.036,.036,.036,.036,18531
AWC,20 Jul 2016,1.375,1.385,1.345,1.352,3134937
AWCKOC,20 Jul 2016,.34,.34,.34,.34,20000
AWE,20 Jul 2016,.94,.945,.92,.93,283298
AWV,20 Jul 2016,.15,.15,.145,.15,405790
AXE,20 Jul 2016,.077,.077,.077,.077,34500
AYC,20 Jul 2016,.033,.033,.033,.033,470022
AYS,20 Jul 2016,2,2.1,1.997,2.1,186833
AZJ,20 Jul 2016,4.97,4.99,4.92,4.96,1192441
AZM,20 Jul 2016,.05,.05,.049,.049,850565
AZS,20 Jul 2016,.04,.04,.04,.04,1890000
AZV,20 Jul 2016,.06,.06,.051,.051,43239
AZY,20 Jul 2016,.066,.067,.06,.062,3018193
BAL,20 Jul 2016,11.69,11.76,11.65,11.75,109260
BALKOB,20 Jul 2016,3.79,3.79,3.79,3.79,1000
BAP,20 Jul 2016,5.54,5.58,5.515,5.58,60476
BAU,20 Jul 2016,.06,.06,.06,.06,4200
BBG,20 Jul 2016,1.57,1.6,1.57,1.59,50302
BBN,20 Jul 2016,2.5,2.5,2.49,2.5,70840
BBOZ,20 Jul 2016,22.27,22.27,22.16,22.19,19831
BBR,20 Jul 2016,.065,.065,.058,.058,166957
BBUS,20 Jul 2016,9.84,9.85,9.84,9.85,11650
BBX,20 Jul 2016,.023,.024,.023,.024,678000
BCI,20 Jul 2016,.15,.15,.145,.15,323360
BCN,20 Jul 2016,.006,.007,.006,.007,20463439
BDR,20 Jul 2016,.45,.455,.445,.45,997065
BEAR,20 Jul 2016,16.38,16.38,16.35,16.35,1452
BEN,20 Jul 2016,9.88,9.945,9.84,9.85,306139
BENPD,20 Jul 2016,102.93,102.93,102.93,102.93,547
BENPE,20 Jul 2016,94.9,94.9,94.9,94.9,157
BFC,20 Jul 2016,.435,.44,.43,.44,68956
BFG,20 Jul 2016,.6,.6,.6,.6,150000
BGA,20 Jul 2016,5.75,5.75,5.69,5.7,50309
BGL,20 Jul 2016,.72,.72,.72,.72,73788
BGS,20 Jul 2016,.315,.315,.315,.315,128946
BHP,20 Jul 2016,19.02,19.26,19.01,19.04,7101168
BHPIOA,20 Jul 2016,4.69,4.69,4.69,4.69,700
BHPIOV,20 Jul 2016,9.18,9.18,9.18,9.18,500
BHPIOZ,20 Jul 2016,6.34,6.34,6.34,6.34,5000
BHPISC,20 Jul 2016,2.13,2.13,2.13,2.13,5000
BHPJOD,20 Jul 2016,6.59,6.59,6.58,6.58,8550
BHPKOB,20 Jul 2016,4.17,4.19,4.15,4.15,13500
BHPKOF,20 Jul 2016,1.65,1.65,1.65,1.65,350
BHPKOT,20 Jul 2016,4.85,4.85,4.85,4.85,5000
BHPKOX,20 Jul 2016,5.65,5.65,5.65,5.65,1000
BHPLOE,20 Jul 2016,2.72,2.72,2.72,2.72,1000
BHPLOP,20 Jul 2016,4.12,4.12,4.12,4.12,300
BHPWOF,20 Jul 2016,.32,.32,.32,.32,20000
BHPWOU,20 Jul 2016,.38,.38,.38,.38,50000
BHPXOC,20 Jul 2016,.98,1.03,.94,.94,15000
BID,20 Jul 2016,.11,.11,.1,.105,3981292
BIDO,20 Jul 2016,.04,.045,.04,.045,263371
BIG,20 Jul 2016,.12,.12,.12,.12,26000
BIT,20 Jul 2016,.066,.068,.066,.068,172789
BITO,20 Jul 2016,.009,.01,.009,.01,100000
BKI,20 Jul 2016,1.585,1.585,1.58,1.585,91663
BKL,20 Jul 2016,152.66,152.83,150.58,152.47,8975
BKLKOB,20 Jul 2016,23.47,23.47,23.47,23.47,42
BKN,20 Jul 2016,1.16,1.18,1.1,1.1,133588
BKT,20 Jul 2016,.165,.17,.165,.17,132734
BKW,20 Jul 2016,15.1,15.1,14.965,15.09,22683
BKY,20 Jul 2016,.77,.79,.77,.775,64309
BLA,20 Jul 2016,7.9,7.95,7.9,7.9,177980
BLD,20 Jul 2016,6.6,6.65,6.595,6.64,373047
BLG,20 Jul 2016,.205,.23,.205,.23,886501
BLK,20 Jul 2016,.81,.84,.81,.835,325799
BLT,20 Jul 2016,.12,.135,.12,.125,436386
BLX,20 Jul 2016,1.375,1.395,1.37,1.395,206495
BLZ,20 Jul 2016,.078,.078,.078,.078,65600
BMG,20 Jul 2016,.013,.013,.013,.013,16629
BML,20 Jul 2016,.005,.005,.004,.004,1100000
BMLOB,20 Jul 2016,.001,.001,.001,.001,1000000
BMN,20 Jul 2016,.029,.029,.029,.029,38000
BNO,20 Jul 2016,.3,.3,.29,.29,152745
BNR,20 Jul 2016,.032,.032,.03,.03,230000
BOL,20 Jul 2016,.09,.091,.09,.091,180000
BOQ,20 Jul 2016,10.34,10.39,10.26,10.26,243039
BOT,20 Jul 2016,.04,.043,.04,.041,5636282
BPF,20 Jul 2016,.36,.365,.36,.365,74937
BPL,20 Jul 2016,.082,.082,.081,.081,50000
BPT,20 Jul 2016,.63,.63,.61,.615,3527217
BRB,20 Jul 2016,.21,.21,.21,.21,26047
BRG,20 Jul 2016,7.85,7.85,7.73,7.84,16793
BRL,20 Jul 2016,.016,.016,.016,.016,561869
BRN,20 Jul 2016,.14,.14,.14,.14,65334
BSA,20 Jul 2016,.29,.29,.28,.28,57000
BSE,20 Jul 2016,.155,.155,.145,.15,211937
BSL,20 Jul 2016,7.8,7.95,7.72,7.915,1608419
BSLKOD,20 Jul 2016,2.49,2.61,2.49,2.61,20000
BSLKOR,20 Jul 2016,2.4,2.4,2.4,2.4,30000
BSM,20 Jul 2016,.015,.015,.015,.015,250000
BTT,20 Jul 2016,8.65,8.65,8.58,8.61,94889
BUD,20 Jul 2016,.11,.11,.11,.11,101150
BUY,20 Jul 2016,.009,.009,.009,.009,44000
BWF,20 Jul 2016,.54,.54,.54,.54,62349
BWP,20 Jul 2016,3.75,3.76,3.73,3.76,74177
BWX,20 Jul 2016,5.15,5.15,5.08,5.14,7949
BXB,20 Jul 2016,13.1,13.2,13.01,13.18,394664
BYR,20 Jul 2016,.08,.082,.078,.078,2612728
BYRO,20 Jul 2016,.028,.029,.027,.027,2093790
CAA,20 Jul 2016,.185,.185,.185,.185,408685
CAB,20 Jul 2016,3.74,3.75,3.7,3.73,6480
CAD,20 Jul 2016,.006,.006,.005,.005,30687958
CAE,20 Jul 2016,.02,.02,.02,.02,49840
CAJ,20 Jul 2016,.16,.165,.16,.162,71143
CAM,20 Jul 2016,.76,.76,.76,.76,17736
CAR,20 Jul 2016,12.22,12.4,12.21,12.4,163515
CAS,20 Jul 2016,.16,.16,.16,.16,7584
CAT,20 Jul 2016,4.08,4.08,4,4.01,142438
CAV,20 Jul 2016,.019,.019,.019,.019,808741
CAZ,20 Jul 2016,.07,.07,.07,.07,58976
CBA,20 Jul 2016,76.2,76.4,75.9,76.23,401074
CBAISC,20 Jul 2016,9.41,9.41,9.41,9.41,2630
CBAIWF,20 Jul 2016,15.93,16.03,15.89,15.89,35000
CBAJOF,20 Jul 2016,12.44,12.44,12.44,12.44,500
CBAJOK,20 Jul 2016,17.19,17.19,16.99,17.13,3000
CBALOX,20 Jul 2016,4.85,4.87,4.85,4.87,800
CBAPC,20 Jul 2016,102,102,101.95,101.95,1865
CBAPD,20 Jul 2016,90.5,90.76,90.5,90.55,1753
CBAPE,20 Jul 2016,103.999,104,103.99,104,4930
CBAQOE,20 Jul 2016,9.48,9.48,9.43,9.43,1000
CBASMY,20 Jul 2016,57.19,57.19,57.19,57.19,110
CBL,20 Jul 2016,2.68,2.68,2.68,2.68,6772
CCL,20 Jul 2016,9.06,9.09,9.01,9.035,185630
CCP,20 Jul 2016,12.86,12.87,12.71,12.74,24236
CCV,20 Jul 2016,.43,.435,.43,.432,46631
CDA,20 Jul 2016,1.1,1.1,1.09,1.09,5455
CDD,20 Jul 2016,.61,.615,.595,.6,67964
CDG,20 Jul 2016,.06,.06,.06,.06,60000
CDM,20 Jul 2016,1.225,1.225,1.225,1.225,1050
CDP,20 Jul 2016,7.9,8,7.9,8,3647
CDU,20 Jul 2016,.48,.492,.475,.475,31751
CDV,20 Jul 2016,.345,.345,.34,.34,188527
CDVOA,20 Jul 2016,.185,.195,.185,.195,57101
CDY,20 Jul 2016,.037,.041,.037,.038,17538188
CDYO,20 Jul 2016,.005,.008,.005,.007,1088318
CEL,20 Jul 2016,.028,.028,.028,.028,18000
CGC,20 Jul 2016,2.9,2.93,2.89,2.93,75465
CGF,20 Jul 2016,9.02,9.09,9.02,9.06,150692
CGFPA,20 Jul 2016,96.39,96.39,96.39,96.39,60
CGL,20 Jul 2016,5.24,5.24,5.24,5.24,2
CGN,20 Jul 2016,.074,.074,.074,.074,88323
CGR,20 Jul 2016,.2,.2,.2,.2,2700
CHC,20 Jul 2016,5.56,5.56,5.51,5.53,75610
CHN,20 Jul 2016,.19,.19,.19,.19,389763
CHP,20 Jul 2016,.005,.005,.004,.004,6106009
CIA,20 Jul 2016,.25,.25,.25,.25,14400
CIEO,20 Jul 2016,.011,.011,.011,.011,20000
CIM,20 Jul 2016,28.5,28.5,26.55,26.87,556340
CIMKOP,20 Jul 2016,13.34,14.69,13.31,14.25,3250
CIN,20 Jul 2016,31.93,31.95,31.93,31.95,395
CIW,20 Jul 2016,.615,.615,.615,.615,5562
CIZ,20 Jul 2016,.02,.02,.02,.02,75000
CKF,20 Jul 2016,4.2,4.22,4.17,4.175,45187
CL1,20 Jul 2016,3.47,3.48,3.45,3.47,22172
CLH,20 Jul 2016,1.145,1.145,1.14,1.14,27274
CLQ,20 Jul 2016,.435,.435,.435,.435,69227
CLX,20 Jul 2016,.84,.84,.84,.84,1200
CLZ,20 Jul 2016,.006,.006,.006,.006,100000
CMA,20 Jul 2016,2.18,2.2,2.18,2.2,1092
CMM,20 Jul 2016,.14,.14,.14,.14,162063
CMP,20 Jul 2016,.425,.425,.38,.38,62500
CMW,20 Jul 2016,1.075,1.085,1.072,1.085,536222
CMY,20 Jul 2016,.004,.004,.004,.004,250000
CND,20 Jul 2016,.175,.175,.175,.175,51406
CNGHA,20 Jul 2016,101.25,101.3,101.25,101.26,1411
CNI,20 Jul 2016,1.05,1.05,1.05,1.05,8875
CNU,20 Jul 2016,4.03,4.05,4.01,4.04,68834
CNX,20 Jul 2016,.012,.012,.012,.012,120000
COE,20 Jul 2016,.23,.23,.23,.23,18080
COH,20 Jul 2016,125.51,125.97,124.27,125.95,38780
COO,20 Jul 2016,.08,.08,.08,.08,3300
COY,20 Jul 2016,.009,.009,.009,.009,200000
CPU,20 Jul 2016,8.83,9.01,8.82,9.01,489212
CPUJOP,20 Jul 2016,2.18,2.19,2.18,2.19,3500
CQR,20 Jul 2016,4.85,4.89,4.83,4.875,53149
CRB,20 Jul 2016,.21,.21,.21,.21,10000
CRL,20 Jul 2016,.042,.042,.042,.042,54750
CSE,20 Jul 2016,.355,.38,.35,.365,325027
CSL,20 Jul 2016,115.08,116.51,114.39,116.13,159006
CSLKOK,20 Jul 2016,22.18,22.81,21.98,22.8,900
CSR,20 Jul 2016,3.88,3.91,3.83,3.87,460150
CSS,20 Jul 2016,.053,.054,.053,.053,45600
CSV,20 Jul 2016,1.47,1.515,1.47,1.495,64511
CTD,20 Jul 2016,14.5,14.54,14.41,14.475,39280
CTM,20 Jul 2016,.014,.014,.014,.014,120000
CTN,20 Jul 2016,1.06,1.06,1.05,1.06,102080
CTO,20 Jul 2016,.016,.016,.016,.016,710760
CTP,20 Jul 2016,.11,.11,.11,.11,2000
CTX,20 Jul 2016,32.28,32.31,32.02,32.19,392795
CTXHA,20 Jul 2016,103.35,103.5,103.35,103.35,632
CUP,20 Jul 2016,.89,.89,.89,.89,1976
CUV,20 Jul 2016,5.02,5.02,5,5.01,10996
CV1,20 Jul 2016,.15,.15,.15,.15,1950
CVN,20 Jul 2016,.115,.115,.115,.115,366136
CVO,20 Jul 2016,1.26,1.265,1.245,1.257,106422
CVT,20 Jul 2016,.2,.205,.2,.205,38590
CVW,20 Jul 2016,.93,.935,.93,.935,81
CWE,20 Jul 2016,.031,.031,.031,.031,89162
CWN,20 Jul 2016,12.75,12.79,12.69,12.79,133880
CWNHA,20 Jul 2016,97.49,97.65,97.48,97.65,765
CWNHB,20 Jul 2016,85.9,86.238,85.9,86.238,255
CWNISI,20 Jul 2016,5.49,5.49,5.49,5.49,2000
CWP,20 Jul 2016,4.59,4.68,4.59,4.66,12382
CWY,20 Jul 2016,.82,.83,.815,.817,689653
CXO,20 Jul 2016,.035,.035,.035,.035,200898
CYA,20 Jul 2016,.84,.84,.84,.84,21000
CYB,20 Jul 2016,4.25,4.25,4.2,4.215,243991
CYG,20 Jul 2016,1.08,1.09,1.08,1.09,14387
CYP,20 Jul 2016,.315,.315,.315,.315,3389
CYU,20 Jul 2016,.008,.008,.008,.008,200000
CYY,20 Jul 2016,.052,.053,.052,.053,350000
CZL,20 Jul 2016,.043,.045,.043,.045,433025
CZN,20 Jul 2016,.008,.008,.008,.008,1500000
CZZ,20 Jul 2016,21.15,21.2,21.01,21.2,2720
D13,20 Jul 2016,.125,.125,.125,.125,80000
DAF,20 Jul 2016,.021,.021,.021,.021,100000
DCC,20 Jul 2016,.145,.145,.145,.145,32424
DCG,20 Jul 2016,.78,.785,.78,.785,4520
DCN,20 Jul 2016,3.42,3.49,3.42,3.45,14668
DDR,20 Jul 2016,1.775,1.775,1.77,1.77,5739
DDT,20 Jul 2016,.02,.021,.02,.02,353877
DEG,20 Jul 2016,.004,.004,.003,.004,14568286
DFM,20 Jul 2016,1.53,1.53,1.52,1.52,4560
DGR,20 Jul 2016,.033,.034,.033,.034,90000
DHR,20 Jul 2016,.005,.005,.005,.005,196000
DJRE,20 Jul 2016,22.34,22.34,22.34,22.34,453
DJW,20 Jul 2016,3.99,4,3.95,3.95,57609
DKM,20 Jul 2016,.21,.21,.21,.21,20000
DKO,20 Jul 2016,.073,.075,.073,.074,813588
DLX,20 Jul 2016,6.68,6.69,6.59,6.59,227930
DMP,20 Jul 2016,72,73.58,72,73.58,51713
DMPKOS,20 Jul 2016,14,14.04,13.63,13.66,2500
DNK,20 Jul 2016,.425,.425,.41,.42,27293
DOW,20 Jul 2016,4.17,4.17,4.09,4.09,237606
DRA,20 Jul 2016,.35,.35,.35,.35,6984
DRK,20 Jul 2016,.002,.002,.002,.002,500000
DRM,20 Jul 2016,1.15,1.155,1.135,1.14,224096
DRO,20 Jul 2016,.24,.24,.24,.24,5321
DSX,20 Jul 2016,.047,.047,.047,.047,32000
DTI,20 Jul 2016,.355,.355,.355,.355,13165
DTL,20 Jul 2016,1.12,1.12,1.12,1.12,9636
DUB,20 Jul 2016,.415,.43,.415,.425,83511
DUE,20 Jul 2016,2.59,2.6,2.56,2.575,1922030
DUI,20 Jul 2016,3.33,3.33,3.33,3.33,19748
DVA,20 Jul 2016,.7,.7,.7,.7,9000
DVL,20 Jul 2016,.315,.315,.315,.315,850
DXB,20 Jul 2016,.008,.008,.008,.008,75006
DXF,20 Jul 2016,.65,.65,.65,.65,1
DXS,20 Jul 2016,9.4,9.48,9.39,9.455,400460
DYE,20 Jul 2016,.195,.2,.195,.2,22750
DYL,20 Jul 2016,.005,.005,.005,.005,95000
EAI,20 Jul 2016,.81,.81,.81,.81,9000
EAR,20 Jul 2016,.25,.25,.25,.25,10000
EAX,20 Jul 2016,1.06,1.06,1.06,1.06,11433
EBG,20 Jul 2016,.073,.073,.073,.073,25000
ECO,20 Jul 2016,.006,.006,.006,.006,227165
ECX,20 Jul 2016,3.69,3.74,3.67,3.735,47494
EDE,20 Jul 2016,.25,.25,.24,.242,326514
EDEO,20 Jul 2016,.215,.215,.215,.215,20000
EEG,20 Jul 2016,.018,.018,.018,.018,208327
EGG,20 Jul 2016,1.17,1.17,1.17,1.17,6500
EGS,20 Jul 2016,.515,.515,.485,.485,80719
EHE,20 Jul 2016,4.85,4.87,4.82,4.84,32007
ELD,20 Jul 2016,3.7,3.72,3.7,3.72,48537
ELX,20 Jul 2016,1.18,1.2,1.18,1.2,121520
EMB,20 Jul 2016,8.1,8.1,8.1,8.1,643
EMH,20 Jul 2016,.37,.38,.37,.375,148371
EML,20 Jul 2016,1.43,1.44,1.425,1.43,57878
EMR,20 Jul 2016,.047,.049,.046,.048,1175679
ENN,20 Jul 2016,1.95,1.95,1.95,1.95,1200
ENR,20 Jul 2016,.14,.14,.14,.14,1228
ENT,20 Jul 2016,.02,.02,.02,.02,70000
EOS,20 Jul 2016,1.775,1.775,1.71,1.71,5600
EPD,20 Jul 2016,.38,.385,.37,.385,64930
EPW,20 Jul 2016,.94,.94,.905,.905,249282
EQT,20 Jul 2016,16.81,16.81,16.81,16.81,1
EQX,20 Jul 2016,.34,.35,.34,.35,123409
ERJ,20 Jul 2016,.023,.023,.023,.023,41000
ERL,20 Jul 2016,.023,.023,.023,.023,665556
ERM,20 Jul 2016,.105,.105,.105,.105,458681
ESIOB,20 Jul 2016,.006,.006,.006,.006,1
ESR,20 Jul 2016,.021,.022,.021,.022,511400
ETE,20 Jul 2016,.007,.007,.007,.007,54720
ETPMAG,20 Jul 2016,25.35,25.53,25.35,25.53,1597
EVE,20 Jul 2016,.01,.01,.01,.01,1000000
EVN,20 Jul 2016,2.8,2.825,2.8,2.82,1303129
EVT,20 Jul 2016,15.2,15.22,15.13,15.2,9858
EWC,20 Jul 2016,.235,.235,.222,.225,256106
EXC,20 Jul 2016,.066,.068,.066,.068,2071893
EXG,20 Jul 2016,.058,.058,.058,.058,13250
EXM,20 Jul 2016,.005,.005,.005,.005,200
EXU,20 Jul 2016,.1,.1,.1,.1,209268
EZL,20 Jul 2016,.785,.785,.785,.785,744
FAN,20 Jul 2016,2.6,2.6,2.6,2.6,850
FAR,20 Jul 2016,.082,.082,.081,.081,1035825
FBR,20 Jul 2016,.023,.024,.023,.023,677583
FBU,20 Jul 2016,8.59,8.61,8.57,8.58,54062
FCT,20 Jul 2016,.215,.215,.215,.215,50000
FET,20 Jul 2016,2.75,2.79,2.73,2.77,31236
FFC,20 Jul 2016,.17,.17,.17,.17,5890
FFT,20 Jul 2016,.46,.46,.46,.46,600
FGG,20 Jul 2016,1.06,1.06,1.06,1.06,116916
FGGO,20 Jul 2016,.02,.02,.02,.02,83651
FGR,20 Jul 2016,.098,.098,.098,.098,25000
FGX,20 Jul 2016,1.135,1.14,1.135,1.135,525024
FGXO,20 Jul 2016,.025,.026,.025,.026,359092
FLK,20 Jul 2016,.9,.9,.9,.9,20000
FLN,20 Jul 2016,1.58,1.585,1.58,1.585,9370
FLT,20 Jul 2016,32.25,32.44,31.96,31.965,78333
FMG,20 Jul 2016,3.99,4.08,3.965,4,4834913
FMGQOR,20 Jul 2016,.905,.955,.905,.955,100000
FMGQOU,20 Jul 2016,1.045,1.065,1.045,1.065,50000
FMGQOY,20 Jul 2016,1.305,1.305,1.305,1.305,1200
FML,20 Jul 2016,.635,.635,.63,.63,20305
FMS,20 Jul 2016,.025,.025,.025,.025,13000
FNP,20 Jul 2016,4.8,4.8,4.65,4.69,26824
FPH,20 Jul 2016,9.54,9.59,9.5,9.55,25442
FRI,20 Jul 2016,.85,.85,.85,.85,1000
FRM,20 Jul 2016,2.6,2.6,2.58,2.58,7221
FSA,20 Jul 2016,1.03,1.03,1.02,1.025,2683
FSF,20 Jul 2016,5.2,5.2,5.2,5.2,4
FSI,20 Jul 2016,1.47,1.47,1.47,1.47,13802
FTT,20 Jul 2016,.043,.043,.041,.041,124500
FTZ,20 Jul 2016,.18,.18,.18,.18,10000
FUEL,20 Jul 2016,5.43,5.43,5.43,5.43,7500
FWD,20 Jul 2016,2.1,2.1,2.08,2.08,60452
FXJ,20 Jul 2016,.975,.98,.972,.977,1992925
FXL,20 Jul 2016,1.975,1.98,1.957,1.97,107193
FXUMOT,20 Jul 2016,4.96,5.03,4.96,5.03,8000
GAP,20 Jul 2016,.36,.375,.36,.37,65130
GBE,20 Jul 2016,.025,.026,.025,.026,94907
GBP,20 Jul 2016,.031,.031,.031,.031,100000
GBT,20 Jul 2016,4.31,4.33,4.3,4.31,11204
GC1,20 Jul 2016,1.015,1.015,1.015,1.015,1000
GCN,20 Jul 2016,.007,.007,.007,.007,250000
GCY,20 Jul 2016,.615,.615,.59,.595,56089
GDI,20 Jul 2016,.925,.925,.922,.925,10761
GDX,20 Jul 2016,39.73,39.73,39.71,39.71,1753
GDY,20 Jul 2016,.024,.024,.024,.024,472407
GEAR,20 Jul 2016,19.05,19.13,19.05,19.1,3143
GED,20 Jul 2016,.013,.013,.013,.013,29400
GEG,20 Jul 2016,1.24,1.24,1.22,1.22,363360
GEM,20 Jul 2016,3.94,3.94,3.9,3.92,258746
GER,20 Jul 2016,.079,.079,.079,.079,8000
GFY,20 Jul 2016,1.03,1.03,1.015,1.015,5256
GHC,20 Jul 2016,2.04,2.08,2.04,2.06,31785
GID,20 Jul 2016,.033,.033,.033,.033,376834
GJT,20 Jul 2016,2.46,2.48,2.46,2.48,52601
GLAOA,20 Jul 2016,.001,.001,.001,.001,1000000
GLF,20 Jul 2016,.01,.01,.009,.01,117502
GLIN,20 Jul 2016,2.57,2.57,2.57,2.57,19000
GMA,20 Jul 2016,2.84,2.85,2.83,2.84,45706
GMC,20 Jul 2016,.004,.004,.004,.004,9063000
GMD,20 Jul 2016,.028,.028,.027,.027,540305
GMF,20 Jul 2016,2.42,2.44,2.42,2.44,65651
GMG,20 Jul 2016,7.4,7.495,7.37,7.46,618101
GMM,20 Jul 2016,.77,.8,.77,.785,138134
GMPPA,20 Jul 2016,101,101,101,101,250
GMR,20 Jul 2016,.011,.011,.01,.01,1798129
GNC,20 Jul 2016,8.59,8.66,8.58,8.66,31148
GNE,20 Jul 2016,2,2,1.99,1.99,3346
GNG,20 Jul 2016,1.35,1.36,1.35,1.355,25776
GOLD,20 Jul 2016,169.1,169.82,169.1,169.5,5019
GOR,20 Jul 2016,.675,.675,.665,.667,206249
GOW,20 Jul 2016,3.45,3.45,3.45,3.45,150
GOZ,20 Jul 2016,3.25,3.27,3.25,3.26,89493
GPH,20 Jul 2016,.11,.11,.11,.11,52530
GPHO,20 Jul 2016,.02,.02,.02,.02,26667
GPR,20 Jul 2016,.049,.049,.049,.049,650000
GPT,20 Jul 2016,5.62,5.63,5.6,5.625,359924
GPX,20 Jul 2016,.48,.48,.465,.47,70862
GRB,20 Jul 2016,.057,.057,.057,.057,30000
GRR,20 Jul 2016,.12,.12,.115,.115,24019
GRY,20 Jul 2016,.185,.185,.185,.185,99197
GSC,20 Jul 2016,.086,.086,.082,.082,781258
GTG,20 Jul 2016,.019,.019,.019,.019,16201
GTK,20 Jul 2016,2.72,2.73,2.72,2.73,96930
GTN,20 Jul 2016,2.19,2.2,2.15,2.18,27946
GTY,20 Jul 2016,2.89,2.91,2.82,2.905,67250
GUD,20 Jul 2016,9.7,9.81,9.7,9.77,25143
GVF,20 Jul 2016,1.055,1.055,1.055,1.055,10000
GWA,20 Jul 2016,2.03,2.06,2,2.02,78234
GXL,20 Jul 2016,6.92,6.97,6.9,6.96,25930
GXN,20 Jul 2016,.01,.01,.01,.01,984438
GXY,20 Jul 2016,.49,.492,.48,.482,1082325
HAVO,20 Jul 2016,.15,.15,.15,.15,420
HCH,20 Jul 2016,.051,.051,.051,.051,25087
HEUR,20 Jul 2016,10.08,10.08,10.08,10.08,6950
HFA,20 Jul 2016,2.27,2.27,2.26,2.26,4038
HFR,20 Jul 2016,1.425,1.44,1.42,1.43,46980
HGG,20 Jul 2016,3.97,3.98,3.93,3.94,232247
HGO,20 Jul 2016,.087,.087,.087,.087,80000
HHL,20 Jul 2016,3.9,3.9,3.9,3.9,697
HHV,20 Jul 2016,1.385,1.4,1.385,1.4,81599
HHY,20 Jul 2016,.11,.11,.11,.11,35000
HIG,20 Jul 2016,.067,.067,.067,.067,23000
HIL,20 Jul 2016,.24,.242,.24,.242,142570
HJPN,20 Jul 2016,9.84,9.84,9.84,9.84,4000
HLO,20 Jul 2016,3.36,3.38,3.36,3.38,4437
HLX,20 Jul 2016,.073,.073,.073,.073,97294
HMI,20 Jul 2016,.067,.067,.067,.067,3000
HNR,20 Jul 2016,.027,.027,.025,.025,1695000
HOM,20 Jul 2016,.45,.45,.45,.45,16670
HOR,20 Jul 2016,.024,.024,.024,.024,25000
HPI,20 Jul 2016,3.28,3.28,3.15,3.24,5134
HRR,20 Jul 2016,.155,.16,.155,.16,84228
HSN,20 Jul 2016,3.7,3.72,3.685,3.71,55228
HSO,20 Jul 2016,2.92,2.975,2.91,2.97,737679
HUO,20 Jul 2016,3.39,3.39,3.39,3.39,350
HVN,20 Jul 2016,4.44,4.47,4.43,4.45,296119
HVSJOE,20 Jul 2016,8.6,8.6,8.6,8.6,1000
HVST,20 Jul 2016,21.45,21.57,21.38,21.56,26302
HXG,20 Jul 2016,.175,.175,.17,.17,23271
HZN,20 Jul 2016,.047,.047,.047,.047,371079
HZR,20 Jul 2016,.46,.5,.46,.5,43878
HZRO,20 Jul 2016,.28,.28,.28,.28,10000
IAA,20 Jul 2016,62,62,61.68,61.68,1497
IAF,20 Jul 2016,108.42,108.5,108.42,108.5,670
IAG,20 Jul 2016,5.8,5.83,5.76,5.79,432418
IAGKOR,20 Jul 2016,1.655,1.655,1.635,1.635,2200
IAGPC,20 Jul 2016,102.5,102.6,102.5,102.6,392
IANG,20 Jul 2016,100.35,100.35,100.31,100.31,445
IAU,20 Jul 2016,.13,.13,.13,.13,300
IBC,20 Jul 2016,.465,.465,.465,.465,50667
IBG,20 Jul 2016,.058,.061,.058,.06,1701858
ICG,20 Jul 2016,.004,.004,.004,.004,1075715
ICQ,20 Jul 2016,.8,.8,.797,.8,7743
ICU,20 Jul 2016,.095,.095,.095,.095,46095
IDR,20 Jul 2016,2.26,2.26,2.23,2.26,7543
IDT,20 Jul 2016,.25,.25,.245,.245,27920
IDX,20 Jul 2016,1.58,1.595,1.58,1.59,46128
IEC,20 Jul 2016,.011,.011,.011,.011,900000
IEL,20 Jul 2016,4.19,4.24,4.19,4.23,7105
IEM,20 Jul 2016,47.45,47.53,47.38,47.53,2420
IEU,20 Jul 2016,50.73,50.73,50.44,50.44,7959
IFL,20 Jul 2016,8.64,8.71,8.64,8.69,70125
IFM,20 Jul 2016,.62,.63,.615,.625,1275540
IFN,20 Jul 2016,1.19,1.19,1.18,1.187,160281
IGL,20 Jul 2016,2.25,2.25,2.24,2.24,241
IGO,20 Jul 2016,4.11,4.165,3.995,4,1155694
IGOKOA,20 Jul 2016,3.06,3.06,3.06,3.06,500
IGOKOD,20 Jul 2016,2.54,2.54,2.54,2.54,1000
IGOKOR,20 Jul 2016,1.955,2.06,1.955,2.06,12000
IIL,20 Jul 2016,.38,.38,.38,.38,15095
IJH,20 Jul 2016,205,205,205,205,57
IJP,20 Jul 2016,15.76,15.8,15.76,15.77,3931
IJR,20 Jul 2016,161.72,161.72,161.72,161.72,25
IKO,20 Jul 2016,71.66,71.66,71.66,71.66,84
ILC,20 Jul 2016,22.21,22.21,22.04,22.04,6393
ILU,20 Jul 2016,6.9,6.94,6.74,6.755,535100
IMD,20 Jul 2016,.315,.315,.315,.315,33000
IMF,20 Jul 2016,1.59,1.6,1.577,1.582,75262
INA,20 Jul 2016,2.86,2.88,2.86,2.87,165845
IND,20 Jul 2016,.013,.013,.013,.013,750
INM,20 Jul 2016,53.44,53.63,53.21,53.57,254822
INV,20 Jul 2016,.33,.33,.33,.33,74000
IOD,20 Jul 2016,.038,.038,.038,.038,97500
IOF,20 Jul 2016,4.41,4.45,4.4,4.44,96139
IOO,20 Jul 2016,98.29,98.29,98.21,98.21,347
IOT,20 Jul 2016,.067,.072,.066,.07,12750054
IOZ,20 Jul 2016,22.4,22.4,22.4,22.4,40
IPD,20 Jul 2016,1.23,1.265,1.21,1.25,228364
IPH,20 Jul 2016,6.4,6.42,6.32,6.41,214276
IPL,20 Jul 2016,2.88,2.89,2.85,2.885,682963
IPT,20 Jul 2016,.034,.034,.034,.034,100000
IRE,20 Jul 2016,11.36,11.54,11.27,11.54,88633
IRI,20 Jul 2016,2.07,2.07,2.05,2.07,38841
IRM,20 Jul 2016,.04,.04,.04,.04,33500
ISD,20 Jul 2016,3.43,3.43,3.36,3.39,117560
ISO,20 Jul 2016,4.4,4.41,4.4,4.41,9918
ISU,20 Jul 2016,1.125,1.17,1.125,1.17,50744
ISX,20 Jul 2016,.22,.23,.22,.225,180835
ITD,20 Jul 2016,.18,.18,.18,.18,1500
ITW,20 Jul 2016,19.79,19.79,19.79,19.79,520
IVC,20 Jul 2016,14.33,14.36,14.17,14.34,30867
IVE,20 Jul 2016,75.5,75.5,75.5,75.5,718
IVR,20 Jul 2016,.053,.053,.05,.05,2147943
IVV,20 Jul 2016,289.55,289.84,289.55,289.6,1858
IXI,20 Jul 2016,133.34,133.74,133.27,133.27,951
IXJ,20 Jul 2016,137.76,137.76,137.14,137.73,929
IXP,20 Jul 2016,84.25,84.25,84.25,84.25,300
IZZ,20 Jul 2016,46.84,46.84,46.64,46.64,1066
JBH,20 Jul 2016,24.92,25.09,24.87,25.045,68066
JCS,20 Jul 2016,.023,.023,.02,.023,6397073
JHC,20 Jul 2016,2.67,2.67,2.62,2.62,81132
JHL,20 Jul 2016,.1,.1,.1,.1,26101
JHX,20 Jul 2016,21.94,22.32,21.82,22.07,147524
JIN,20 Jul 2016,1.65,1.65,1.65,1.65,3000
JKA,20 Jul 2016,.003,.003,.003,.003,24725
JKL,20 Jul 2016,.225,.225,.225,.225,7000
JRV,20 Jul 2016,.052,.052,.052,.052,95557
KAR,20 Jul 2016,1.32,1.355,1.32,1.35,125431
KBC,20 Jul 2016,.16,.16,.16,.16,107353
KBL,20 Jul 2016,.009,.009,.008,.008,735000
KDR,20 Jul 2016,.31,.335,.31,.33,2428903
KDRO,20 Jul 2016,.185,.19,.185,.19,180000
KEY,20 Jul 2016,.004,.004,.004,.004,25000
KFE,20 Jul 2016,.016,.016,.016,.016,53160
KGD,20 Jul 2016,.035,.035,.034,.034,557439
KGN,20 Jul 2016,1.53,1.53,1.51,1.51,57767
KII,20 Jul 2016,2.26,2.26,2.26,2.26,6207
KIN,20 Jul 2016,.255,.26,.25,.25,123671
KKL,20 Jul 2016,.012,.012,.012,.012,75000
KMD,20 Jul 2016,1.61,1.63,1.61,1.625,8393
KME,20 Jul 2016,.28,.29,.28,.29,52537
KNL,20 Jul 2016,.265,.265,.265,.265,87663
KNM,20 Jul 2016,.014,.014,.014,.014,600000
KNO,20 Jul 2016,.28,.28,.27,.27,53500
KPC,20 Jul 2016,.05,.05,.05,.05,17390
KRL,20 Jul 2016,.006,.006,.006,.006,246000
KSC,20 Jul 2016,1.31,1.31,1.31,1.31,1150
KSL,20 Jul 2016,1.045,1.045,1.04,1.04,82500
KSN,20 Jul 2016,.019,.019,.019,.019,790000
LAA,20 Jul 2016,.27,.27,.27,.27,10251
LCM,20 Jul 2016,.41,.41,.4,.4,11066
LCT,20 Jul 2016,.095,.095,.095,.095,51200
LEG,20 Jul 2016,.009,.009,.009,.009,374999
LEP,20 Jul 2016,4.38,4.38,4.34,4.34,13201
LER,20 Jul 2016,.12,.12,.12,.12,35000
LFC,20 Jul 2016,.012,.012,.012,.012,2083
LIC,20 Jul 2016,2.89,2.9,2.88,2.9,27659
LIT,20 Jul 2016,.28,.28,.275,.275,271990
LLC,20 Jul 2016,12.55,12.585,12.42,12.44,311044
LLO,20 Jul 2016,.96,.96,.96,.96,5895
LNG,20 Jul 2016,.675,.68,.66,.66,822773
LNK,20 Jul 2016,8.8,8.82,8.77,8.81,107168
LNY,20 Jul 2016,.003,.003,.003,.003,8466
LOM,20 Jul 2016,.41,.415,.41,.41,215119
LOV,20 Jul 2016,2.49,2.495,2.4,2.42,30439
LPE,20 Jul 2016,.039,.039,.039,.039,25600
LPI,20 Jul 2016,.34,.355,.285,.335,1793024
LRS,20 Jul 2016,.016,.016,.016,.016,260000
LVH,20 Jul 2016,.16,.16,.16,.16,5000
LWP,20 Jul 2016,.005,.005,.004,.004,5846007
LYC,20 Jul 2016,.075,.076,.075,.076,2138200
LYL,20 Jul 2016,2.13,2.13,2.13,2.13,6684
M7T,20 Jul 2016,.044,.044,.044,.044,70333
MA1,20 Jul 2016,.935,.935,.935,.935,535
MA1O,20 Jul 2016,.028,.028,.028,.028,16000
MAD,20 Jul 2016,.093,.098,.093,.098,364679
MAH,20 Jul 2016,.098,.1,.097,.097,115305
MAQ,20 Jul 2016,12.25,12.5,12.25,12.5,2068
MAU,20 Jul 2016,.072,.072,.072,.072,250000
MBE,20 Jul 2016,.35,.35,.35,.35,202060
MBK,20 Jul 2016,.027,.028,.027,.027,3422884
MBLPA,20 Jul 2016,97.71,97.8,97.7,97.8,675
MCE,20 Jul 2016,.52,.52,.515,.515,5505
MCR,20 Jul 2016,.395,.395,.395,.395,105000
MCS,20 Jul 2016,.016,.02,.016,.019,827800
MCT,20 Jul 2016,.07,.07,.07,.07,69173
MDI,20 Jul 2016,.081,.081,.08,.08,83000
MDL,20 Jul 2016,.335,.335,.325,.33,136446
MEA,20 Jul 2016,1.1,1.13,1.1,1.12,176745
MEB,20 Jul 2016,.375,.375,.33,.33,287156
MEI,20 Jul 2016,.012,.012,.012,.012,154545
MEL,20 Jul 2016,.056,.056,.056,.056,370000
MEO,20 Jul 2016,.031,.032,.031,.032,280000
MEY,20 Jul 2016,.215,.215,.215,.215,2564
MFF,20 Jul 2016,1.825,1.84,1.825,1.83,17939
MFG,20 Jul 2016,21.65,22.19,21.65,22.185,69838
MGC,20 Jul 2016,1.26,1.28,1.26,1.27,36055
MGE,20 Jul 2016,2.5,2.51,2.5,2.51,67927
MGR,20 Jul 2016,2.18,2.2,2.16,2.16,1997880
MGT,20 Jul 2016,.069,.069,.067,.067,113994
MGV,20 Jul 2016,.06,.06,.06,.06,76655
MGX,20 Jul 2016,.305,.31,.305,.31,126399
MHG,20 Jul 2016,2.42,2.42,2.42,2.42,13703
MHJ,20 Jul 2016,1.26,1.26,1.25,1.26,33516
MIN,20 Jul 2016,9.56,9.56,9.38,9.46,140496
MIR,20 Jul 2016,3.01,3.02,3,3.01,21960
MJP,20 Jul 2016,.545,.55,.535,.545,24594
MKO,20 Jul 2016,.062,.063,.062,.062,1628500
MLB,20 Jul 2016,1.735,1.737,1.732,1.732,2622
MLD,20 Jul 2016,1.61,1.62,1.572,1.61,420427
MLM,20 Jul 2016,.036,.036,.036,.036,150000
MLS,20 Jul 2016,.002,.002,.002,.002,250000
MLT,20 Jul 2016,4.28,4.29,4.27,4.28,23502
MLX,20 Jul 2016,1.63,1.63,1.6,1.615,130796
MMI,20 Jul 2016,.086,.086,.086,.086,51784
MMJ,20 Jul 2016,.275,.275,.27,.27,27503
MML,20 Jul 2016,.75,.772,.75,.75,220004
MMR,20 Jul 2016,.036,.036,.036,.036,13889
MMS,20 Jul 2016,14.5,14.66,14.4,14.66,17015
MNC,20 Jul 2016,.003,.003,.003,.003,5000000
MND,20 Jul 2016,8.79,8.8,8.55,8.6,41006
MNF,20 Jul 2016,3.95,3.95,3.95,3.95,2978
MNM,20 Jul 2016,.015,.016,.015,.016,35020
MNS,20 Jul 2016,.92,.92,.885,.89,609246
MNSO,20 Jul 2016,.785,.785,.785,.785,31310
MNW,20 Jul 2016,.087,.088,.087,.088,72376
MNY,20 Jul 2016,1.25,1.25,1.235,1.25,25499
MOC,20 Jul 2016,2.02,2.05,2.02,2.05,26234
MOQ,20 Jul 2016,.27,.27,.27,.27,10000
MOX,20 Jul 2016,.022,.027,.022,.022,33775046
MOY,20 Jul 2016,.255,.265,.255,.265,2268753
MP1,20 Jul 2016,2.06,2.06,2.04,2.06,12666
MPL,20 Jul 2016,3,3.01,2.99,3.01,678112
MQA,20 Jul 2016,5.38,5.43,5.34,5.425,1278899
MQG,20 Jul 2016,73,73.2,72.55,72.76,135232
MQGKOD,20 Jul 2016,8.89,8.95,8.89,8.95,1000
MQGKOR,20 Jul 2016,11.19,11.3,11.19,11.3,3000
MQGPA,20 Jul 2016,100.88,100.9,100.83,100.9,1339
MQGPB,20 Jul 2016,104,104.05,103.85,104.05,1340
MQGXOR,20 Jul 2016,2.72,2.74,2.72,2.74,2000
MRD,20 Jul 2016,.019,.019,.019,.019,2644979
MRM,20 Jul 2016,.305,.305,.3,.305,40233
MSB,20 Jul 2016,1.145,1.145,1.115,1.115,24251
MSM,20 Jul 2016,.13,.13,.13,.13,467551
MSP,20 Jul 2016,.031,.031,.03,.03,153900
MSR,20 Jul 2016,.003,.003,.003,.003,1000000
MSV,20 Jul 2016,.015,.015,.015,.015,45097
MTA,20 Jul 2016,.057,.057,.057,.057,60000
MTH,20 Jul 2016,.007,.008,.007,.008,127932
MTL,20 Jul 2016,.056,.056,.056,.056,6898
MTM,20 Jul 2016,.305,.305,.305,.305,10000
MTO,20 Jul 2016,2.86,2.86,2.86,2.86,8536
MTR,20 Jul 2016,3.25,3.28,3.24,3.26,165093
MTS,20 Jul 2016,1.995,2.05,1.99,2.05,625490
MUA,20 Jul 2016,.92,.92,.92,.92,268
MUS,20 Jul 2016,.049,.049,.048,.048,835777
MVB,20 Jul 2016,24.16,24.16,24.16,24.16,585
MVE,20 Jul 2016,8,8,8,8,125
MVF,20 Jul 2016,2,2.04,1.995,2.03,124055
MVW,20 Jul 2016,24.23,24.23,24.12,24.13,2540
MWR,20 Jul 2016,.83,.83,.83,.83,603
MX1,20 Jul 2016,.32,.32,.32,.32,21956
MXC,20 Jul 2016,.051,.051,.047,.048,2183839
MXI,20 Jul 2016,.46,.47,.46,.47,64000
MXR,20 Jul 2016,.003,.003,.003,.003,200016
MXUPA,20 Jul 2016,71.4,71.4,71.23,71.23,96
MYE,20 Jul 2016,.17,.17,.17,.17,30000
MYO,20 Jul 2016,3.62,3.64,3.61,3.635,131292
MYR,20 Jul 2016,1.235,1.245,1.215,1.225,688168
MYS,20 Jul 2016,4.13,4.15,4.13,4.15,146
MYX,20 Jul 2016,1.98,1.98,1.97,1.977,6514659
MZI,20 Jul 2016,.4,.4,.385,.395,57150
MZM,20 Jul 2016,.215,.22,.215,.22,100000
MZN,20 Jul 2016,.016,.016,.016,.016,2941666
NAB,20 Jul 2016,26,26.13,25.81,25.88,1129871
NABHA,20 Jul 2016,65.02,65.45,65.02,65.19,2316
NABHB,20 Jul 2016,101.39,101.4,101.35,101.4,892
NABKOV,20 Jul 2016,2.2,2.41,2.2,2.41,8000
NABLOC,20 Jul 2016,1.92,1.92,1.705,1.705,756
NABLOQ,20 Jul 2016,1.76,1.76,1.76,1.76,500
NABPA,20 Jul 2016,98.181,98.5,98.181,98.39,6727
NABPB,20 Jul 2016,95.79,95.8,95.601,95.601,815
NABPC,20 Jul 2016,97.5,97.5,97.21,97.3,1069
NABPD,20 Jul 2016,100.97,101,100.901,101,16759
NAC,20 Jul 2016,1.025,1.025,1.025,1.025,25000
NAE,20 Jul 2016,.01,.01,.01,.01,412083
NAN,20 Jul 2016,2.4,2.44,2.38,2.43,77461
NCK,20 Jul 2016,4.72,4.73,4.68,4.7,26268
NCM,20 Jul 2016,24.28,24.4,24.03,24.325,692313
NCMKOC,20 Jul 2016,2.75,2.75,2.5,2.5,1000
NCMLOB,20 Jul 2016,2.15,2.15,2.15,2.15,500
NCMLON,20 Jul 2016,3,3,3,3,700
NDQ,20 Jul 2016,10.68,10.68,10.67,10.67,7260
NEA,20 Jul 2016,.53,.535,.525,.525,111921
NEC,20 Jul 2016,1.135,1.14,1.13,1.137,305418
NEU,20 Jul 2016,.058,.058,.055,.057,616071
NFNG,20 Jul 2016,85,85,85,85,235
NGE,20 Jul 2016,.019,.019,.019,.019,252200
NHC,20 Jul 2016,1.72,1.75,1.715,1.715,43396
NHF,20 Jul 2016,4.58,4.66,4.55,4.66,66082
NIU,20 Jul 2016,.005,.005,.004,.004,2900000
NML,20 Jul 2016,.04,.04,.04,.04,7057
NMM,20 Jul 2016,.075,.075,.075,.075,7473
NMT,20 Jul 2016,.435,.44,.43,.435,284718
NOR,20 Jul 2016,.027,.027,.026,.026,256997
NOV,20 Jul 2016,.13,.13,.13,.13,25000
NRT,20 Jul 2016,.1,.1,.1,.1,105000
NSR,20 Jul 2016,1.625,1.635,1.62,1.627,471711
NST,20 Jul 2016,5.2,5.365,5.18,5.36,1838765
NSTKOA,20 Jul 2016,1.435,1.435,1.435,1.435,8000
NTC,20 Jul 2016,2.97,2.97,2.93,2.95,31592
NTL,20 Jul 2016,.007,.007,.007,.007,250000
NUF,20 Jul 2016,7.76,7.84,7.73,7.83,40692
NUH,20 Jul 2016,.057,.057,.057,.057,100000
NVL,20 Jul 2016,1.39,1.4,1.39,1.4,37100
NVO,20 Jul 2016,.115,.125,.115,.12,898334
NVT,20 Jul 2016,5.88,5.925,5.85,5.89,126519
NWH,20 Jul 2016,.32,.335,.32,.327,878946
NWS,20 Jul 2016,17.28,17.36,17.28,17.36,306581
NWSLV,20 Jul 2016,16.58,16.59,16.58,16.59,363
NWZ,20 Jul 2016,.012,.012,.012,.012,138333
NXT,20 Jul 2016,3.6,3.65,3.58,3.65,83973
NZM,20 Jul 2016,.7,.71,.69,.69,532126
OAR,20 Jul 2016,.1,.1,.1,.1,5417
OCC,20 Jul 2016,.345,.345,.34,.345,2280
OEC,20 Jul 2016,.71,.71,.71,.71,20000
OEL,20 Jul 2016,.058,.058,.054,.055,2241410
OFX,20 Jul 2016,2.38,2.41,2.38,2.41,1083714
OGC,20 Jul 2016,4.77,4.8,4.72,4.8,175894
OGX,20 Jul 2016,.25,.26,.25,.26,73280
OGXOC,20 Jul 2016,.099,.099,.099,.099,25000
OML,20 Jul 2016,5.09,5.1,5.06,5.1,10821
ONT,20 Jul 2016,7.02,7.02,7.02,7.02,77
OOK,20 Jul 2016,.023,.023,.023,.023,12419
OOO,20 Jul 2016,14.84,14.88,14.84,14.88,393
OPT,20 Jul 2016,.54,.54,.54,.54,23500
OPTO,20 Jul 2016,.28,.28,.28,.28,10500
ORA,20 Jul 2016,2.87,2.875,2.85,2.86,303914
ORE,20 Jul 2016,4.78,4.8,4.73,4.775,205603
ORG,20 Jul 2016,5.87,5.9,5.83,5.84,848574
ORGHA,20 Jul 2016,100.1,100.2,100.1,100.1,432
ORI,20 Jul 2016,12.99,13.01,12.73,12.84,313884
OSH,20 Jul 2016,7.34,7.395,7.3,7.39,5065942
OSL,20 Jul 2016,.14,.14,.14,.14,39300
OSP,20 Jul 2016,.28,.28,.255,.255,46800
OTC,20 Jul 2016,.29,.3,.29,.3,703466
OTH,20 Jul 2016,.82,.82,.82,.82,191642
OVH,20 Jul 2016,.625,.64,.625,.63,149225
OVL,20 Jul 2016,.016,.016,.015,.016,1045400
OVN,20 Jul 2016,.75,.84,.75,.79,226315
OXFL,20 Jul 2016,5393.7,5393.8,5393.8,5393.8,0
OXJO,20 Jul 2016,5451.3,5450.7,5450.7,5450.7,0
OXJR,20 Jul 2016,2958.4,2906.2,2906.2,2906.2,0
OXPJ,20 Jul 2016,1530.8,1536.3,1536.3,1536.3,0
OXVI,20 Jul 2016,0,0,0,0,0
OXXJ,20 Jul 2016,6551.6,6575.3,6575.3,6575.3,0
OZL,20 Jul 2016,6.78,6.79,6.48,6.565,659872
OZR,20 Jul 2016,7.17,7.17,7.11,7.11,13384
PAB,20 Jul 2016,.007,.007,.007,.007,78571
PAC,20 Jul 2016,4.96,5,4.87,4.87,6112
PAI,20 Jul 2016,.94,.94,.93,.93,27048
PAIO,20 Jul 2016,.012,.012,.012,.012,83000
PAK,20 Jul 2016,.165,.165,.165,.165,31000
PAN,20 Jul 2016,.245,.245,.22,.225,431600
PAR,20 Jul 2016,.375,.38,.375,.38,27000
PDI,20 Jul 2016,.019,.019,.019,.019,250
PDN,20 Jul 2016,.23,.235,.23,.232,4883127
PEH,20 Jul 2016,.1,.1,.1,.1,544404
PEK,20 Jul 2016,.05,.05,.05,.05,125000
PEN,20 Jul 2016,.71,.715,.71,.715,22546
PEX,20 Jul 2016,.21,.215,.2,.215,63252
PFG,20 Jul 2016,.12,.12,.12,.12,20000
PFL,20 Jul 2016,1.695,1.7,1.695,1.7,4370
PGC,20 Jul 2016,.715,.72,.715,.715,62172
PGF,20 Jul 2016,.84,.84,.84,.84,7500
PGH,20 Jul 2016,6.03,6.15,6.03,6.145,61847
PGM,20 Jul 2016,.125,.135,.125,.127,474200
PGO,20 Jul 2016,.1,.1,.1,.1,24800
PGR,20 Jul 2016,.6,.6,.6,.6,80452
PHG,20 Jul 2016,.235,.26,.235,.255,626289
PIC,20 Jul 2016,.94,.94,.94,.94,23500
PIL,20 Jul 2016,.025,.025,.023,.023,2858298
PIO,20 Jul 2016,.033,.033,.032,.032,799987
PLH,20 Jul 2016,.245,.245,.24,.24,138640
PLPO,20 Jul 2016,.004,.004,.004,.004,130000
PLS,20 Jul 2016,.585,.59,.56,.567,1852291
PMC,20 Jul 2016,1.56,1.58,1.56,1.58,73145
PME,20 Jul 2016,5.35,5.36,5.32,5.35,10056
PMGOLD,20 Jul 2016,17.7,17.83,17.7,17.81,1908
PMV,20 Jul 2016,15.55,15.69,15.55,15.68,24040
PMY,20 Jul 2016,.013,.013,.013,.013,700042
PNC,20 Jul 2016,1.74,1.75,1.74,1.75,6807
PNN,20 Jul 2016,.028,.028,.028,.028,121100
PNR,20 Jul 2016,.145,.145,.145,.145,100000
PNV,20 Jul 2016,.27,.27,.27,.27,26000
POS,20 Jul 2016,.057,.057,.057,.057,816404
POW,20 Jul 2016,.016,.016,.016,.016,100000
PPC,20 Jul 2016,.94,.94,.935,.94,11933
PPG,20 Jul 2016,.46,.46,.46,.46,3700
PPL,20 Jul 2016,.54,.54,.54,.54,10000
PPS,20 Jul 2016,.36,.365,.36,.365,273380
PPT,20 Jul 2016,43.6,43.9,43.57,43.85,31821
PRG,20 Jul 2016,1.65,1.657,1.64,1.645,92292
PRR,20 Jul 2016,.043,.043,.043,.043,30000
PRT,20 Jul 2016,.315,.315,.312,.315,10179
PRU,20 Jul 2016,.635,.64,.625,.63,571002
PRY,20 Jul 2016,3.88,3.91,3.87,3.89,75246
PSM,20 Jul 2016,.033,.033,.033,.033,1000000
PSY,20 Jul 2016,.115,.115,.115,.115,5000
PSZ,20 Jul 2016,.395,.395,.39,.39,20000
PTB,20 Jul 2016,.42,.42,.42,.42,13000
PTL,20 Jul 2016,.6,.6,.6,.6,37801
PTM,20 Jul 2016,5.8,5.8,5.73,5.75,114477
PTR,20 Jul 2016,.003,.003,.003,.003,35128
PTX,20 Jul 2016,.105,.11,.1,.11,199500
PWH,20 Jul 2016,2.81,2.87,2.81,2.86,5489
PWN,20 Jul 2016,.034,.034,.034,.034,488000
PXS,20 Jul 2016,.285,.285,.285,.285,20001
PYC,20 Jul 2016,.014,.014,.014,.014,502315
QAG,20 Jul 2016,7.66,7.66,7.66,7.66,117
QAN,20 Jul 2016,3.09,3.1,3.06,3.075,998004
QAU,20 Jul 2016,14.03,14.04,14.03,14.04,2200
QAUKOG,20 Jul 2016,2.86,2.86,2.86,2.86,2000
QBE,20 Jul 2016,10.91,11.09,10.88,10.99,1110877
QBL,20 Jul 2016,.008,.008,.008,.008,1437750
QHL,20 Jul 2016,.13,.13,.13,.13,219227
QMS,20 Jul 2016,1.255,1.27,1.252,1.265,17804
QOZ,20 Jul 2016,11.37,11.44,11.37,11.44,8920
QUAL,20 Jul 2016,18.68,18.74,18.68,18.74,18235
QUB,20 Jul 2016,2.34,2.35,2.32,2.345,241873
QVE,20 Jul 2016,1.1,1.11,1.1,1.11,81632
RAC,20 Jul 2016,.25,.26,.25,.255,214240
RAP,20 Jul 2016,.335,.345,.33,.34,3811521
RBL,20 Jul 2016,1.05,1.05,1.03,1.045,76121
RCB,20 Jul 2016,20.54,20.55,20.54,20.55,2380
RCE,20 Jul 2016,.24,.24,.24,.24,5000
RCG,20 Jul 2016,1.9,1.9,1.88,1.885,192853
RCR,20 Jul 2016,1.905,1.925,1.902,1.92,24906
RCT,20 Jul 2016,3.55,3.55,3.54,3.54,2500
RDV,20 Jul 2016,28.16,28.16,27.94,27.94,6898
REA,20 Jul 2016,63.26,64.27,63.21,64.26,25210
RED,20 Jul 2016,.092,.092,.092,.092,526451
REG,20 Jul 2016,4.96,5.01,4.9,5,102495
RER,20 Jul 2016,.017,.017,.017,.017,55437
RES,20 Jul 2016,.08,.08,.08,.08,50000
RFF,20 Jul 2016,1.69,1.715,1.68,1.7,402334
RFG,20 Jul 2016,5.74,5.785,5.73,5.755,90053
RFN,20 Jul 2016,.125,.135,.125,.135,29830
RFX,20 Jul 2016,.53,.53,.525,.53,232046
RGB,20 Jul 2016,22.03,22.03,22.03,22.03,1970
RGS,20 Jul 2016,.14,.14,.14,.14,15244
RHC,20 Jul 2016,74.48,76.235,74.4,76.23,63828
RHCKOD,20 Jul 2016,24.38,24.78,24.38,24.78,800
RHCKOP,20 Jul 2016,12.67,12.68,11.98,11.98,600
RHCSWW,20 Jul 2016,52.54,52.54,52.5,52.5,4000
RHL,20 Jul 2016,3.31,3.31,3.31,3.31,495
RHP,20 Jul 2016,.84,.85,.835,.85,19317
RIC,20 Jul 2016,1.41,1.425,1.405,1.417,32947
RIM,20 Jul 2016,.029,.029,.029,.029,90194
RIO,20 Jul 2016,48,48.49,47.72,47.76,520622
RIOIOZ,20 Jul 2016,16.45,16.45,16.45,16.45,1000
RIOKOP,20 Jul 2016,6.68,6.68,6.68,6.68,2000
RLC,20 Jul 2016,.009,.009,.009,.009,62000
RMD,20 Jul 2016,8.75,8.81,8.73,8.81,330506
RMDKOE,20 Jul 2016,3.46,3.46,3.46,3.46,4000
RMS,20 Jul 2016,.625,.635,.622,.635,451864
RMX,20 Jul 2016,.001,.001,.001,.001,2799110
RNO,20 Jul 2016,.018,.018,.018,.018,1500000
RNS,20 Jul 2016,.063,.063,.063,.063,1175932
RNT,20 Jul 2016,.15,.15,.15,.15,2750
RNU,20 Jul 2016,.029,.029,.029,.029,173834
RNUO,20 Jul 2016,.005,.005,.005,.005,236667
ROG,20 Jul 2016,.001,.001,.001,.001,19333291
RRL,20 Jul 2016,3.8,3.81,3.76,3.78,820151
RSG,20 Jul 2016,1.51,1.525,1.495,1.515,956090
RSH,20 Jul 2016,.074,.079,.074,.078,286500
RTG,20 Jul 2016,.66,.66,.635,.635,95581
RUM,20 Jul 2016,.023,.023,.023,.023,22010
RVA,20 Jul 2016,1.16,1.165,1.16,1.165,19626
RVR,20 Jul 2016,.145,.15,.145,.145,3251663
RWC,20 Jul 2016,3.32,3.32,3.29,3.31,84082
RWD,20 Jul 2016,.41,.41,.41,.41,7430
RWH,20 Jul 2016,1.1,1.1,1.1,1.1,32483
RXL,20 Jul 2016,.023,.023,.023,.023,458822
RXM,20 Jul 2016,.059,.06,.059,.06,250000
RXP,20 Jul 2016,.66,.66,.64,.64,53262
S32,20 Jul 2016,1.83,1.845,1.825,1.84,6328121
S32KOS,20 Jul 2016,.5,.5,.5,.5,10000
SAI,20 Jul 2016,3.78,3.785,3.75,3.76,70280
SAR,20 Jul 2016,1.725,1.735,1.717,1.73,694180
SAS,20 Jul 2016,.021,.021,.021,.021,47694
SAU,20 Jul 2016,.43,.44,.41,.41,267874
SBM,20 Jul 2016,3.41,3.415,3.345,3.4,1212413
SCG,20 Jul 2016,5.24,5.25,5.22,5.235,2724110
SCI,20 Jul 2016,.037,.037,.036,.036,65600
SCO,20 Jul 2016,3.28,3.32,3.28,3.32,161023
SCP,20 Jul 2016,2.41,2.44,2.41,2.425,234443
SDA,20 Jul 2016,3.67,3.77,3.66,3.66,5391
SDF,20 Jul 2016,2.09,2.1,2.075,2.09,121253
SDI,20 Jul 2016,.63,.63,.63,.63,40585
SDL,20 Jul 2016,.003,.003,.003,.003,1889542
SEA,20 Jul 2016,.145,.145,.14,.14,3491299
SEG,20 Jul 2016,.005,.005,.005,.005,7320343
SEH,20 Jul 2016,.098,.099,.097,.097,56571
SEK,20 Jul 2016,16.15,16.37,16.12,16.37,128453
SEN,20 Jul 2016,.135,.14,.135,.14,929715
SEQ,20 Jul 2016,.002,.002,.002,.002,1500000
SER,20 Jul 2016,.012,.012,.012,.012,95000
SFG,20 Jul 2016,.09,.095,.09,.095,1011984
SFH,20 Jul 2016,.54,.54,.54,.54,2995
SFI,20 Jul 2016,.065,.066,.065,.065,604600
SFL,20 Jul 2016,.2,.2,.2,.2,11684
SFR,20 Jul 2016,6.13,6.2,6.11,6.15,147579
SFX,20 Jul 2016,.62,.62,.62,.62,12000
SFY,20 Jul 2016,51.1,51.1,51.1,51.1,590
SGC,20 Jul 2016,.03,.03,.03,.03,16129
SGF,20 Jul 2016,4.15,4.15,4.13,4.13,7197
SGH,20 Jul 2016,.4,.4,.397,.397,83064
SGM,20 Jul 2016,8.56,8.59,8.49,8.505,280517
SGMKOA,20 Jul 2016,1.785,1.785,1.785,1.785,1827
SGP,20 Jul 2016,4.96,4.99,4.95,4.975,766500
SGR,20 Jul 2016,5.76,5.8,5.75,5.795,255309
SHJ,20 Jul 2016,1.1,1.125,1.1,1.125,6175
SHL,20 Jul 2016,21.96,22.17,21.89,22.12,157668
SHM,20 Jul 2016,.845,.845,.845,.845,981000
SHP,20 Jul 2016,.006,.006,.006,.006,220253
SHV,20 Jul 2016,7.5,7.595,7.48,7.58,80063
SIP,20 Jul 2016,1.29,1.317,1.287,1.315,454543
SIQ,20 Jul 2016,6.81,6.81,6.72,6.73,10533
SIV,20 Jul 2016,11.55,11.55,11.47,11.5,2642
SKC,20 Jul 2016,4.55,4.62,4.54,4.59,177834
SKI,20 Jul 2016,2.57,2.575,2.55,2.565,894497
SKT,20 Jul 2016,4.52,4.52,4.49,4.49,555344
SLC,20 Jul 2016,2.51,2.6,2.51,2.6,45517
SLF,20 Jul 2016,14.2,14.21,14.18,14.19,18079
SLK,20 Jul 2016,4.3,4.3,4.26,4.28,6390
SLR,20 Jul 2016,.65,.65,.642,.645,332172
SLX,20 Jul 2016,.3,.3,.295,.3,87519
SM8,20 Jul 2016,.195,.195,.19,.19,126202
SMD,20 Jul 2016,.009,.009,.009,.009,44445
SMI,20 Jul 2016,.052,.052,.05,.05,100718
SMN,20 Jul 2016,1.915,1.915,1.86,1.865,39824
SMP,20 Jul 2016,.18,.18,.18,.18,14568
SMR,20 Jul 2016,.27,.275,.27,.275,21350
SMX,20 Jul 2016,2.12,2.2,2.105,2.16,151039
SO4,20 Jul 2016,.34,.365,.34,.36,134983
SOC,20 Jul 2016,.005,.005,.004,.004,420000
SOL,20 Jul 2016,17.49,17.49,17.27,17.35,21515
SOM,20 Jul 2016,3.28,3.28,3.21,3.21,8829
SOR,20 Jul 2016,.14,.14,.14,.14,7143
SPFKOZ,20 Jul 2016,1.195,1.195,1.195,1.195,1000
SPFMOQ,20 Jul 2016,2.48,2.48,2.48,2.48,5000
SPI,20 Jul 2016,.058,.058,.058,.058,27000
SPK,20 Jul 2016,3.53,3.55,3.52,3.54,76848
SPL,20 Jul 2016,.7,.7,.7,.7,12235
SPO,20 Jul 2016,1.25,1.255,1.245,1.247,177529
SPQ,20 Jul 2016,.016,.016,.016,.016,75500
SPZ,20 Jul 2016,.285,.285,.285,.285,18600
SRF,20 Jul 2016,.22,.22,.205,.21,421626
SRG,20 Jul 2016,1.1,1.1,1.1,1.1,16500
SRI,20 Jul 2016,.023,.023,.021,.022,3263882
SRS,20 Jul 2016,.03,.03,.03,.03,31772
SRX,20 Jul 2016,30.28,31.12,30.23,31.01,77540
SSG,20 Jul 2016,1.115,1.115,1.11,1.11,9260
SSM,20 Jul 2016,.8,.815,.8,.805,144682
SSO,20 Jul 2016,12.94,12.94,12.94,12.94,230
ST1,20 Jul 2016,.02,.021,.02,.021,1028017
STA,20 Jul 2016,.007,.007,.007,.007,1584012
STO,20 Jul 2016,4.82,4.85,4.81,4.825,727819
STOKOB,20 Jul 2016,2.12,2.12,2.12,2.12,4500
STW,20 Jul 2016,51.03,51.11,51.03,51.1,11369
STWISC,20 Jul 2016,4.7,4.7,4.7,4.7,4826
SUL,20 Jul 2016,9.39,9.44,9.365,9.43,27697
SUN,20 Jul 2016,12.92,12.97,12.88,12.9,643178
SUNJOJ,20 Jul 2016,5.85,5.85,5.81,5.83,20000
SUNPC,20 Jul 2016,102.45,102.45,102.45,102.45,298
SUNPD,20 Jul 2016,102,102.2,102,102,403
SUNPE,20 Jul 2016,97.4,97.4,97.4,97.4,610
SVA,20 Jul 2016,.084,.084,.084,.084,9350
SVL,20 Jul 2016,.24,.24,.235,.235,300030
SVLO,20 Jul 2016,.099,.099,.099,.099,7000
SVW,20 Jul 2016,6.5,6.5,6.36,6.36,15109
SVWPA,20 Jul 2016,59.7,59.7,59.7,59.7,243
SWJ,20 Jul 2016,.013,.013,.013,.013,122754
SWM,20 Jul 2016,1.155,1.16,1.14,1.147,511254
SXE,20 Jul 2016,.53,.535,.53,.535,274000
SXL,20 Jul 2016,1.24,1.245,1.227,1.227,281406
SXX,20 Jul 2016,.008,.008,.008,.008,1484678
SXY,20 Jul 2016,.28,.28,.27,.272,367011
SYA,20 Jul 2016,.031,.031,.029,.029,2475408
SYAO,20 Jul 2016,.008,.008,.008,.008,100000
SYD,20 Jul 2016,7.26,7.32,7.245,7.275,919507
SYDKOE,20 Jul 2016,1.145,1.145,1.145,1.145,5000
SYR,20 Jul 2016,5.05,5.13,4.935,4.99,910186
SYT,20 Jul 2016,.034,.038,.033,.037,45580870
TAH,20 Jul 2016,4.61,4.63,4.61,4.615,254500
TAHHB,20 Jul 2016,101.6,101.6,101.6,101.6,392
TAM,20 Jul 2016,.074,.074,.074,.074,216312
TAS,20 Jul 2016,.165,.165,.165,.165,20000
TAW,20 Jul 2016,.11,.11,.1,.1,1266465
TCH,20 Jul 2016,1.895,1.92,1.895,1.92,20961
TCL,20 Jul 2016,12.18,12.24,12.15,12.185,707453
TCN,20 Jul 2016,.069,.069,.069,.069,7247
TEN,20 Jul 2016,.96,.97,.955,.96,35932
TER,20 Jul 2016,.017,.017,.017,.017,438782
TFC,20 Jul 2016,1.49,1.5,1.487,1.49,78714
TFG,20 Jul 2016,.255,.255,.255,.255,296607
TGA,20 Jul 2016,1.345,1.345,1.33,1.33,64833
TGG,20 Jul 2016,1.14,1.14,1.14,1.14,45000
TGP,20 Jul 2016,.95,.95,.95,.95,32
TGR,20 Jul 2016,4.07,4.14,4.07,4.135,64866
TGS,20 Jul 2016,.048,.048,.047,.047,192149
TGZ,20 Jul 2016,1.15,1.15,1.15,1.15,10000
THD,20 Jul 2016,.038,.038,.038,.038,48893
THR,20 Jul 2016,.001,.001,.001,.001,8888888
TIA,20 Jul 2016,.625,.662,.625,.662,71503
TIX,20 Jul 2016,2.73,2.74,2.72,2.73,26640
TKL,20 Jul 2016,.021,.021,.02,.02,625100
TLG,20 Jul 2016,.31,.31,.31,.31,176000
TLM,20 Jul 2016,.435,.44,.435,.44,5000
TLS,20 Jul 2016,5.79,5.79,5.77,5.785,1920174
TLSISC,20 Jul 2016,.735,.735,.735,.735,42400
TME,20 Jul 2016,4.69,4.74,4.685,4.725,133185
TMX,20 Jul 2016,.013,.013,.013,.013,500000
TNE,20 Jul 2016,5.5,5.515,5.44,5.515,93109
TNG,20 Jul 2016,.13,.13,.13,.13,140027
TNK,20 Jul 2016,1.81,1.82,1.81,1.82,10978
TNR,20 Jul 2016,.19,.195,.19,.195,115000
TOE,20 Jul 2016,.052,.052,.049,.049,1006000
TOF,20 Jul 2016,2.27,2.27,2.25,2.25,23574
TOP,20 Jul 2016,.59,.595,.59,.595,44457
TOT,20 Jul 2016,1.165,1.185,1.165,1.185,21000
TOX,20 Jul 2016,2.73,2.74,2.7,2.705,8212
TPE,20 Jul 2016,2.74,2.74,2.74,2.74,7000
TPM,20 Jul 2016,12.2,12.29,12.05,12.25,135831
TRL,20 Jul 2016,.069,.07,.069,.07,159589
TRS,20 Jul 2016,12.55,12.55,12.35,12.36,7298
TRY,20 Jul 2016,.545,.555,.545,.555,141784
TSM,20 Jul 2016,.4,.4,.4,.4,31700
TSN,20 Jul 2016,.019,.019,.018,.019,690876
TTS,20 Jul 2016,4.03,4.03,3.96,3.965,514594
TV2,20 Jul 2016,.028,.028,.028,.028,1415120
TV2O,20 Jul 2016,.013,.013,.013,.013,300000
TWD,20 Jul 2016,3.1,3.1,3.1,3.1,479
TWE,20 Jul 2016,9.8,9.86,9.78,9.84,188948
TWH,20 Jul 2016,.011,.011,.01,.01,1450000
TYK,20 Jul 2016,.012,.013,.012,.013,363635
TZL,20 Jul 2016,.093,.093,.093,.093,20000
UBI,20 Jul 2016,.29,.29,.29,.29,2000
UGL,20 Jul 2016,2.41,2.41,2.375,2.38,146167
UGLKOD,20 Jul 2016,.68,.68,.68,.68,7000
UIL,20 Jul 2016,.072,.072,.072,.072,232300
UMAX,20 Jul 2016,16.95,16.98,16.95,16.95,10146
UNS,20 Jul 2016,.075,.076,.072,.076,1076122
UPD,20 Jul 2016,.35,.37,.35,.36,238817
URF,20 Jul 2016,2.07,2.1,2.07,2.1,1011
URI,20 Jul 2016,1.96,1.97,1.96,1.97,12
USD,20 Jul 2016,13,13.02,12.99,13.02,48312
VAF,20 Jul 2016,50.3,50.3,50.3,50.3,1157
VAH,20 Jul 2016,.21,.215,.21,.212,101252
VAP,20 Jul 2016,87.9,88.9,87.9,88.51,4644
VAR,20 Jul 2016,.021,.021,.021,.021,75175
VAS,20 Jul 2016,69.44,69.61,69.44,69.55,11342
VCX,20 Jul 2016,3.5,3.55,3.5,3.535,1188207
VEU,20 Jul 2016,58.45,58.45,58.1,58.32,7264
VGAD,20 Jul 2016,53.31,53.31,53.27,53.27,3087
VGB,20 Jul 2016,50.8,51,50.8,51,296
VGE,20 Jul 2016,54.41,54.77,54.39,54.77,4891
VGS,20 Jul 2016,55.85,55.89,55.83,55.84,2308
VHT,20 Jul 2016,.38,.4,.375,.4,59950
VHY,20 Jul 2016,58.1,58.1,57.9,57.97,11315
VIT,20 Jul 2016,1.65,1.65,1.592,1.6,142241
VLA,20 Jul 2016,.92,.92,.92,.92,1053
VLC,20 Jul 2016,57.55,57.55,57.55,57.55,45
VLT,20 Jul 2016,.035,.035,.035,.035,775000
VLW,20 Jul 2016,2.23,2.25,2.225,2.25,30520
VMG,20 Jul 2016,.003,.003,.003,.003,393500
VML,20 Jul 2016,.02,.02,.02,.02,50380
VMT,20 Jul 2016,.19,.2,.19,.2,414333
VOC,20 Jul 2016,8.61,8.72,8.61,8.68,225731
VPC,20 Jul 2016,.025,.027,.025,.027,227883
VPCO,20 Jul 2016,.008,.008,.008,.008,333334
VRC,20 Jul 2016,.11,.11,.11,.11,478593
VRCO,20 Jul 2016,.082,.082,.082,.082,42000
VRL,20 Jul 2016,5.43,5.47,5.39,5.46,21956
VRT,20 Jul 2016,7.24,7.27,7.24,7.25,37172
VSO,20 Jul 2016,49.56,49.56,49.28,49.28,1215
VTG,20 Jul 2016,4.46,4.46,4.41,4.43,40028
VTS,20 Jul 2016,147.5,147.7,147.28,147.36,4220
VXR,20 Jul 2016,.008,.008,.008,.008,200000
WAA,20 Jul 2016,1.055,1.055,1.055,1.055,6000
WAF,20 Jul 2016,.23,.235,.225,.235,256498
WAM,20 Jul 2016,2.28,2.28,2.27,2.28,40220
WAX,20 Jul 2016,1.39,1.39,1.385,1.385,9558
WBA,20 Jul 2016,1.27,1.29,1.27,1.29,61006
WBC,20 Jul 2016,30.3,30.32,30.09,30.18,951046
WBCHB,20 Jul 2016,100.902,101.49,100.9,101.49,796
WBCISC,20 Jul 2016,2.15,2.15,2.15,2.15,10000
WBCMOB,20 Jul 2016,5.57,5.57,5.57,5.57,1250
WBCPC,20 Jul 2016,102.101,102.11,102.101,102.101,456
WBCPD,20 Jul 2016,99.2,99.4,99.2,99.4,1188
WBCPE,20 Jul 2016,92.91,92.91,92.91,92.91,42
WBCPF,20 Jul 2016,99.6,99.98,99.6,99.7,1980
WBCPG,20 Jul 2016,101.9,101.9,101.81,101.9,270
WCB,20 Jul 2016,6.75,6.75,6.68,6.68,2234
WDE,20 Jul 2016,.745,.745,.745,.745,2000
WDIV,20 Jul 2016,17.81,17.81,17.74,17.74,7971
WEB,20 Jul 2016,7.2,7.23,7.17,7.19,23817
WES,20 Jul 2016,41.51,41.7,41.41,41.67,255345
WESBOB,20 Jul 2016,41.88,41.88,41.88,41.88,600
WESJOK,20 Jul 2016,7.1,7.1,7.1,7.1,1000
WESLOV,20 Jul 2016,2.84,2.84,2.84,2.84,900
WFD,20 Jul 2016,10.91,10.955,10.81,10.84,1294117
WGL,20 Jul 2016,.028,.028,.028,.028,191317
WHC,20 Jul 2016,1.65,1.67,1.615,1.622,1107221
WHCKOP,20 Jul 2016,.645,.645,.645,.645,50000
WHF,20 Jul 2016,4.24,4.25,4.22,4.25,7309
WIC,20 Jul 2016,.93,.93,.93,.93,4438
WIG,20 Jul 2016,1.505,1.505,1.505,1.505,4000
WKT,20 Jul 2016,.006,.006,.006,.006,948341
WLD,20 Jul 2016,.39,.392,.38,.38,615468
WLE,20 Jul 2016,1.14,1.14,1.135,1.135,44111
WLEO,20 Jul 2016,.066,.066,.066,.066,29545
WLL,20 Jul 2016,4.43,4.45,4.43,4.45,2000
WMK,20 Jul 2016,1.015,1.015,1.015,1.015,28813
WOR,20 Jul 2016,7.75,7.84,7.62,7.67,195664
WORKOP,20 Jul 2016,2.05,2.13,2.05,2.13,7500
WOW,20 Jul 2016,22.26,22.38,22.26,22.36,300548
WOWHC,20 Jul 2016,101.17,101.24,101.15,101.15,2175
WOWISC,20 Jul 2016,2.57,2.58,2.56,2.56,16060
WOWSMY,20 Jul 2016,8.7,8.7,8.7,8.7,180
WOWSO2,20 Jul 2016,7.96,7.96,7.96,7.96,4000
WPG,20 Jul 2016,.087,.087,.086,.087,319547
WPL,20 Jul 2016,27.35,27.39,27.04,27.13,408431
WPLSWR,20 Jul 2016,13.57,13.59,13.56,13.58,15000
WPP,20 Jul 2016,1.08,1.085,1.065,1.07,34195
WRM,20 Jul 2016,.024,.024,.023,.023,650000
WSA,20 Jul 2016,2.69,2.69,2.46,2.51,1367644
WSAKOA,20 Jul 2016,.52,.52,.52,.52,1500
WSAKOD,20 Jul 2016,.24,.24,.24,.24,6000
WSG,20 Jul 2016,.013,.013,.013,.013,342080
WSI,20 Jul 2016,.043,.043,.043,.043,3000
WTC,20 Jul 2016,5.15,5.4,5.15,5.32,19781
WTP,20 Jul 2016,.88,.9,.88,.89,13587
WXHG,20 Jul 2016,17.98,17.98,17.98,17.98,68
WXOZ,20 Jul 2016,23.54,23.54,23.54,23.54,260
XAE,20 Jul 2016,1330.5,1339.7,1330.3,1337.9,0
XAF,20 Jul 2016,5341.7,5351,5328.3,5345.9,0
XAM,20 Jul 2016,.185,.185,.185,.185,61028
XAO,20 Jul 2016,5533.9,5537.6,5519.4,5535.2,0
XAT,20 Jul 2016,5394.6,5402.7,5383.1,5399,0
XBW,20 Jul 2016,86302.602,86302.602,86302.602,86302.602,0
XDI,20 Jul 2016,1466.8,1470.2,1464.1,1467.1,0
XDJ,20 Jul 2016,2155.1,2171.2,2155.1,2171.1,0
XEC,20 Jul 2016,1385.3,1388.3,1385,1385.8,0
XEJ,20 Jul 2016,8553.6,8563.5,8503.4,8521.8,0
XF1,20 Jul 2016,.61,.625,.61,.625,7196
XFD,20 Jul 2016,1716.4,1716.4,1707.6,1711.4,0
XFJ,20 Jul 2016,5979.7,6012.4,5979.1,5999,0
XFL,20 Jul 2016,5393.7,5403,5380.2,5398.2,0
XFT,20 Jul 2016,3347.4,3347.5,3330.3,3336.5,0
XGD,20 Jul 2016,5243.9,5272,5236.3,5272,0
XHJ,20 Jul 2016,21951.6,22279.4,21950.301,22260.1,0
XIJ,20 Jul 2016,778.4,793,778.4,793,0
XJO,20 Jul 2016,5451.3,5459.5,5439.8,5456,0
XJOKOF,20 Jul 2016,12.41,12.41,12.41,12.41,2600
XJOKOZ,20 Jul 2016,2.75,2.78,2.73,2.73,19000
XJOLOA,20 Jul 2016,3.1,3.1,3.1,3.1,3000
XJOLOS,20 Jul 2016,8.45,8.45,8.45,8.45,321
XJOLOV,20 Jul 2016,2.08,2.12,2.03,2.05,37250
XJOMOQ,20 Jul 2016,3.74,3.74,3.7,3.7,2200
XJOMOT,20 Jul 2016,2.45,2.45,2.44,2.44,6000
XJOQOP,20 Jul 2016,3.13,3.13,3.13,3.13,3000
XJOQOT,20 Jul 2016,8.07,8.07,8.07,8.07,1000
XJOWOJ,20 Jul 2016,.3,.305,.3,.305,31000
XJOWOV,20 Jul 2016,.73,.73,.73,.73,5000
XJOXOQ,20 Jul 2016,1.45,1.45,1.45,1.45,3000
XJR,20 Jul 2016,2958.4,2958.4,2898.3,2902.3,0
XKO,20 Jul 2016,5415,5422.8,5403.9,5419.7,0
XLD,20 Jul 2016,955.9,958.8,951.9,957.6,0
XMD,20 Jul 2016,5728.8,5730.4,5706.9,5729.8,0
XMJ,20 Jul 2016,8647.2,8647.2,8478.3,8494.1,0
XMM,20 Jul 2016,2548,2548,2482,2486.5,0
XNJ,20 Jul 2016,5403.1,5403.1,5360.9,5396.4,0
XNT,20 Jul 2016,48753.602,48827.398,48651.199,48785.398,0
XNV,20 Jul 2016,202.5,203.3,201.9,202.2,0
XPD,20 Jul 2016,.14,.14,.14,.14,296427
XPE,20 Jul 2016,.071,.071,.069,.069,1213824
XPJ,20 Jul 2016,1530.8,1541.7,1530.7,1537.8,0
XRO,20 Jul 2016,17.05,17.36,17.05,17.2,8015
XSJ,20 Jul 2016,8555.4,8619.2,8554.1,8619.2,0
XSO,20 Jul 2016,2442.9,2448.1,2442.5,2448.1,0
XST,20 Jul 2016,.016,.016,.015,.016,1459270
XSY,20 Jul 2016,1824.2,1824.2,1813.2,1814.8,0
XTE,20 Jul 2016,.38,.38,.38,.38,13500
XTJ,20 Jul 2016,2123.6,2129.1,2120.9,2127.5,0
XTL,20 Jul 2016,3087.8,3092.5,3078.1,3087,0
XTO,20 Jul 2016,4494.6,4501.2,4484,4497.9,0
XUJ,20 Jul 2016,7914.9,7932.6,7860.6,7925.1,0
XVI,20 Jul 2016,1445.2,1468.4,1443.6,1465.2,0
XXJ,20 Jul 2016,6551.6,6585.8,6550.8,6570.7,0
YBR,20 Jul 2016,.2,.2,.2,.2,20000
YDIV,20 Jul 2016,1989.3,1995,1986.1,1994.8,0
YETF,20 Jul 2016,2079.9,2094.8,2078.9,2094.8,0
YFDI,20 Jul 2016,2529.3,2529.3,2516.3,2522,0
YGEA,20 Jul 2016,1908.3,1914.1,1899.7,1911.7,0
YMAX,20 Jul 2016,9.03,9.13,9.03,9.09,20369
YMVA,20 Jul 2016,2195,2212.2,2194.6,2206.8,0
YMVB,20 Jul 2016,2402.1,2416.6,2402,2406.8,0
YMVE,20 Jul 2016,802.3,802.3,793.2,794.1,0
YMVR,20 Jul 2016,1811.6,1811.6,1790.8,1794.3,0
YMVS,20 Jul 2016,1788,1796.8,1788,1796.8,0
YMVW,20 Jul 2016,2413.6,2413.6,2405.2,2413.2,0
YOJ,20 Jul 2016,.049,.049,.049,.049,140000
YOW,20 Jul 2016,.88,.89,.87,.88,95998
YOZF,20 Jul 2016,1874.3,1884,1874,1879.8,0
YOZR,20 Jul 2016,725.8,725.8,711,712,0
YPB,20 Jul 2016,.18,.18,.18,.18,10000
YQOZ,20 Jul 2016,1148.4,1148.4,1143.4,1144.7,0
YRAR,20 Jul 2016,2340,2347.4,2338.3,2342,0
YRDV,20 Jul 2016,2797.1,2802.6,2792.2,2797,0
YRVL,20 Jul 2016,2722.2,2724.4,2711.4,2716,0
YSFY,20 Jul 2016,5106,5115,5092.6,5110.3,0
YSLF,20 Jul 2016,1412.7,1423.1,1412.6,1419.2,0
YSSO,20 Jul 2016,1291.2,1294,1290.9,1294,0
YSTW,20 Jul 2016,5106.9,5114.7,5095.7,5111.5,0
YSYI,20 Jul 2016,2676.5,2684.3,2673.8,2677.5,0
YUBA,20 Jul 2016,1811.7,1814.2,1807,1812.6,0
ZCLKOK,20 Jul 2016,1.025,1.025,1.025,1.025,4000
ZEL,20 Jul 2016,7.89,7.9,7.89,7.9,5852
ZGOL,20 Jul 2016,17.66,17.71,17.66,17.71,1567
ZIP,20 Jul 2016,.25,.255,.215,.215,2235169
ZML,20 Jul 2016,.62,.62,.615,.615,11469
ZNC,20 Jul 2016,.1,.1,.095,.095,29990
ZYUS,20 Jul 2016,12.61,12.61,12.61,12.61,792
